scenario,seed,method,mae,coverage,gross_error_rate,apnea_false_output,step_latency
clean,0,threshold,0.06280229498679342,1.0,0.0,nan,nan
clean,0,consensus,0.024124975239528806,1.0,0.0,nan,nan
clean,0,hybrid,0.04327404651648528,1.0,0.0,nan,nan
clean,1,threshold,0.07239695452970465,1.0,0.0,nan,nan
clean,1,consensus,0.025932969555589658,1.0,0.0,nan,nan
clean,1,hybrid,0.049537414991124226,1.0,0.0,nan,nan
clean,2,threshold,0.06516232622849051,1.0,0.0,nan,nan
clean,2,consensus,0.02499652741453719,1.0,0.0,nan,nan
clean,2,hybrid,0.04535902648373194,1.0,0.0,nan,nan
clean,3,threshold,0.09025883662422383,1.0,0.0,nan,nan
clean,3,consensus,0.025526455463295374,1.0,0.0,nan,nan
clean,3,hybrid,0.058723440961067866,1.0,0.0,nan,nan
clean,4,threshold,0.07507013531041665,1.0,0.0,nan,nan
clean,4,consensus,0.023412279363333136,1.0,0.0,nan,nan
clean,4,hybrid,0.052213573818168976,1.0,0.0,nan,nan
clean,5,threshold,0.049971874084463505,1.0,0.0,nan,nan
clean,5,consensus,0.025988456566955566,1.0,0.0,nan,nan
clean,5,hybrid,0.03755318018436542,1.0,0.0,nan,nan
clean,6,threshold,0.10268469853312259,1.0,0.0,nan,nan
clean,6,consensus,0.023601444640038747,1.0,0.0,nan,nan
clean,6,hybrid,0.06905071537027604,1.0,0.0,nan,nan
clean,7,threshold,0.05764582891161027,1.0,0.0,nan,nan
clean,7,consensus,0.02141764496374948,1.0,0.0,nan,nan
clean,7,hybrid,0.04223521430139113,1.0,0.0,nan,nan
clean,8,threshold,0.11010627008382912,1.0,0.0,nan,nan
clean,8,consensus,0.024020888804923406,1.0,0.0,nan,nan
clean,8,hybrid,0.07314383652783811,1.0,0.0,nan,nan
clean,9,threshold,0.08513420049609625,1.0,0.0,nan,nan
clean,9,consensus,0.02445671181713429,1.0,0.0,nan,nan
clean,9,hybrid,0.05831763514705145,1.0,0.0,nan,nan
clean,10,threshold,0.08761867254578594,1.0,0.0,nan,nan
clean,10,consensus,0.02568021677512332,1.0,0.0,nan,nan
clean,10,hybrid,0.05985883132989772,1.0,0.0,nan,nan
clean,11,threshold,0.062552849295801,1.0,0.0,nan,nan
clean,11,consensus,0.02441004699473113,1.0,0.0,nan,nan
clean,11,hybrid,0.04473099314196784,1.0,0.0,nan,nan
clean,12,threshold,0.0523000753791024,1.0,0.0,nan,nan
clean,12,consensus,0.024322177408907682,1.0,0.0,nan,nan
clean,12,hybrid,0.03900060452082544,1.0,0.0,nan,nan
clean,13,threshold,0.06003828347798195,1.0,0.0,nan,nan
clean,13,consensus,0.025762527583974293,1.0,0.0,nan,nan
clean,13,hybrid,0.044043241268946445,1.0,0.0,nan,nan
clean,14,threshold,0.06528734576279362,1.0,0.0,nan,nan
clean,14,consensus,0.023917627707243757,1.0,0.0,nan,nan
clean,14,hybrid,0.04642689758890142,1.0,0.0,nan,nan
clean,15,threshold,0.10010587944357169,1.0,0.0,nan,nan
clean,15,consensus,0.02585684758000897,1.0,0.0,nan,nan
clean,15,hybrid,0.06902979375851215,1.0,0.0,nan,nan
clean,16,threshold,0.09265071246427506,1.0,0.0,nan,nan
clean,16,consensus,0.02460321743714122,1.0,0.0,nan,nan
clean,16,hybrid,0.06292190119671776,1.0,0.0,nan,nan
clean,17,threshold,0.11122465867829237,1.0,0.0,nan,nan
clean,17,consensus,0.02377217839653068,1.0,0.0,nan,nan
clean,17,hybrid,0.07387008360613367,1.0,0.0,nan,nan
clean,18,threshold,0.08003848603218998,1.0,0.0,nan,nan
clean,18,consensus,0.02462688706020144,1.0,0.0,nan,nan
clean,18,hybrid,0.05701867762750254,1.0,0.0,nan,nan
clean,19,threshold,0.050003125305210006,1.0,0.0,nan,nan
clean,19,consensus,0.025860857848480284,1.0,0.0,nan,nan
clean,19,hybrid,0.035531891459592964,1.0,0.0,nan,nan
clean,20,threshold,0.10004278362446097,1.0,0.0,nan,nan
clean,20,consensus,0.027097508442354735,1.0,0.0,nan,nan
clean,20,hybrid,0.06886588667545632,1.0,0.0,nan,nan
clean,21,threshold,0.09255694415072246,1.0,0.0,nan,nan
clean,21,consensus,0.025821018382495294,1.0,0.0,nan,nan
clean,21,hybrid,0.0615574694596886,1.0,0.0,nan,nan
clean,22,threshold,0.08000723481143335,1.0,0.0,nan,nan
clean,22,consensus,0.02294267704782874,1.0,0.0,nan,nan
clean,22,hybrid,0.05611402992694645,1.0,0.0,nan,nan
clean,23,threshold,0.09758839069160881,1.0,0.0,nan,nan
clean,23,consensus,0.025914392856957978,1.0,0.0,nan,nan
clean,23,hybrid,0.06467188837589266,1.0,0.0,nan,nan
clean,24,threshold,0.09737077494767372,1.0,0.0,nan,nan
clean,24,consensus,0.02284900183331293,1.0,0.0,nan,nan
clean,24,hybrid,0.06629662152530036,1.0,0.0,nan,nan
clean,25,threshold,0.06770989409729576,1.0,0.0,nan,nan
clean,25,consensus,0.02430746738528628,1.0,0.0,nan,nan
clean,25,hybrid,0.0486995191523242,1.0,0.0,nan,nan
clean,26,threshold,0.09019691290903495,1.0,0.0,nan,nan
clean,26,consensus,0.02528353423639588,1.0,0.0,nan,nan
clean,26,hybrid,0.06064816675673034,1.0,0.0,nan,nan
clean,27,threshold,0.095043167030642,1.0,0.0,nan,nan
clean,27,consensus,0.024831429261306395,1.0,0.0,nan,nan
clean,27,hybrid,0.06353379090792195,1.0,0.0,nan,nan
clean,28,threshold,0.054723781166213,1.0,0.0,nan,nan
clean,28,consensus,0.025171740028537202,1.0,0.0,nan,nan
clean,28,hybrid,0.040440727449757574,1.0,0.0,nan,nan
clean,29,threshold,0.07519398274079823,1.0,0.0,nan,nan
clean,29,consensus,0.024402861249575216,1.0,0.0,nan,nan
clean,29,hybrid,0.05086207085684682,1.0,0.0,nan,nan
low_amplitude,0,threshold,0.30569833504512334,1.0,0.0,nan,nan
low_amplitude,0,consensus,0.09136046288392903,1.0,0.0,nan,nan
low_amplitude,0,hybrid,0.191190242885681,1.0,0.0,nan,nan
low_amplitude,1,threshold,0.2372627467820773,1.0,0.0,nan,nan
low_amplitude,1,consensus,0.11549035301104249,1.0,0.0,nan,nan
low_amplitude,1,hybrid,0.17338123729508567,1.0,0.0,nan,nan
low_amplitude,2,threshold,0.4319687525650994,1.0,0.0,nan,nan
low_amplitude,2,consensus,0.09730302193997578,1.0,0.0,nan,nan
low_amplitude,2,hybrid,0.2169660706423851,1.0,0.0,nan,nan
low_amplitude,3,threshold,0.5818061094661686,1.0,0.0,nan,nan
low_amplitude,3,consensus,0.11615239594999774,1.0,0.0,nan,nan
low_amplitude,3,hybrid,0.26095105592974444,0.9733333333333334,0.0,nan,nan
low_amplitude,4,threshold,0.46583189282702286,1.0,0.0,nan,nan
low_amplitude,4,consensus,0.07089932943664284,1.0,0.0,nan,nan
low_amplitude,4,hybrid,0.24907157890600254,1.0,0.0,nan,nan
low_amplitude,5,threshold,0.31612482092595556,1.0,0.0,nan,nan
low_amplitude,5,consensus,0.09493319588737793,1.0,0.0,nan,nan
low_amplitude,5,hybrid,0.19667666422679905,1.0,0.0,nan,nan
low_amplitude,6,threshold,0.17807166779508105,1.0,0.0,nan,nan
low_amplitude,6,consensus,0.0781711091143038,0.9933333333333333,0.0,nan,nan
low_amplitude,6,hybrid,0.1016968078815531,1.0,0.0,nan,nan
low_amplitude,7,threshold,0.7279302586406048,1.0,0.0,nan,nan
low_amplitude,7,consensus,0.08944686555771648,1.0,0.0,nan,nan
low_amplitude,7,hybrid,0.3212746294639607,1.0,0.0,nan,nan
low_amplitude,8,threshold,0.2544502102152179,1.0,0.0,nan,nan
low_amplitude,8,consensus,0.1040302521757029,1.0,0.0,nan,nan
low_amplitude,8,hybrid,0.16893616606687445,1.0,0.0,nan,nan
low_amplitude,9,threshold,0.48924400387223366,1.0,0.0,nan,nan
low_amplitude,9,consensus,0.0956656591761785,1.0,0.0,nan,nan
low_amplitude,9,hybrid,0.284387131246813,1.0,0.0,nan,nan
low_amplitude,10,threshold,0.3538543202360225,1.0,0.0,nan,nan
low_amplitude,10,consensus,0.09913664713261515,1.0,0.0,nan,nan
low_amplitude,10,hybrid,0.1831956839090341,1.0,0.0,nan,nan
low_amplitude,11,threshold,0.4165438186856653,1.0,0.0,nan,nan
low_amplitude,11,consensus,0.1097633003277483,0.9933333333333333,0.0,nan,nan
low_amplitude,11,hybrid,0.25300092696067994,0.9933333333333333,0.0,nan,nan
low_amplitude,12,threshold,0.31885393543762114,1.0,0.0,nan,nan
low_amplitude,12,consensus,0.09124081126851663,1.0,0.0,nan,nan
low_amplitude,12,hybrid,0.16362249047781272,1.0,0.0,nan,nan
low_amplitude,13,threshold,0.510832447604547,1.0,0.0,nan,nan
low_amplitude,13,consensus,0.11097242094836104,1.0,0.0,nan,nan
low_amplitude,13,hybrid,0.30965134044850484,1.0,0.0,nan,nan
low_amplitude,14,threshold,0.5002043863775983,1.0,0.0,nan,nan
low_amplitude,14,consensus,0.08467129021192593,0.9933333333333333,0.0,nan,nan
low_amplitude,14,hybrid,0.2439757295864754,0.9933333333333333,0.0,nan,nan
low_amplitude,15,threshold,0.2426348287265995,1.0,0.0,nan,nan
low_amplitude,15,consensus,0.11948993687970337,1.0,0.0,nan,nan
low_amplitude,15,hybrid,0.1476715682925558,1.0,0.0,nan,nan
low_amplitude,16,threshold,0.2270482525818223,1.0,0.0,nan,nan
low_amplitude,16,consensus,0.08265754961130894,1.0,0.0,nan,nan
low_amplitude,16,hybrid,0.13288151561994058,1.0,0.0,nan,nan
low_amplitude,17,threshold,0.3767992964888261,1.0,0.0,nan,nan
low_amplitude,17,consensus,0.0743969827509797,1.0,0.0,nan,nan
low_amplitude,17,hybrid,0.2107681920832454,0.9933333333333333,0.0,nan,nan
low_amplitude,18,threshold,0.36142215526566007,1.0,0.0,nan,nan
low_amplitude,18,consensus,0.1081455809811448,0.98,0.0,nan,nan
low_amplitude,18,hybrid,0.22941746854631048,1.0,0.0,nan,nan
low_amplitude,19,threshold,0.1734404934170955,1.0,0.0,nan,nan
low_amplitude,19,consensus,0.11096178761213253,1.0,0.0,nan,nan
low_amplitude,19,hybrid,0.11751914717447434,1.0,0.0,nan,nan
low_amplitude,20,threshold,0.5092502160845407,1.0,0.0,nan,nan
low_amplitude,20,consensus,0.1084027056765906,0.9933333333333333,0.0,nan,nan
low_amplitude,20,hybrid,0.27349191801390904,1.0,0.0,nan,nan
low_amplitude,21,threshold,1.2757738845568922,1.0,0.16,nan,nan
low_amplitude,21,consensus,0.08053633603924903,1.0,0.0,nan,nan
low_amplitude,21,hybrid,0.21659364995039093,0.8933333333333333,0.0,nan,nan
low_amplitude,22,threshold,0.4062729831587023,1.0,0.0,nan,nan
low_amplitude,22,consensus,0.07055102167389504,1.0,0.0,nan,nan
low_amplitude,22,hybrid,0.19357798943411367,1.0,0.0,nan,nan
low_amplitude,23,threshold,0.3487966531074477,1.0,0.0,nan,nan
low_amplitude,23,consensus,0.11021449097697127,1.0,0.0,nan,nan
low_amplitude,23,hybrid,0.180284253979738,1.0,0.0,nan,nan
low_amplitude,24,threshold,0.33261985016203593,1.0,0.0,nan,nan
low_amplitude,24,consensus,0.09025439914870814,1.0,0.0,nan,nan
low_amplitude,24,hybrid,0.1766463709974001,1.0,0.0,nan,nan
low_amplitude,25,threshold,0.6719214019857411,1.0,0.0,nan,nan
low_amplitude,25,consensus,0.09600248415345317,1.0,0.0,nan,nan
low_amplitude,25,hybrid,0.37206452674117185,1.0,0.0,nan,nan
low_amplitude,26,threshold,0.33809433277698797,1.0,0.0,nan,nan
low_amplitude,26,consensus,0.10144384834109935,0.9933333333333333,0.0,nan,nan
low_amplitude,26,hybrid,0.18498115736565293,1.0,0.0,nan,nan
low_amplitude,27,threshold,0.32844557400203084,1.0,0.0,nan,nan
low_amplitude,27,consensus,0.07783743354815278,0.9933333333333333,0.0,nan,nan
low_amplitude,27,hybrid,0.1926124542216144,1.0,0.0,nan,nan
low_amplitude,28,threshold,0.5702394595770323,1.0,0.0,nan,nan
low_amplitude,28,consensus,0.08992327045781597,1.0,0.0,nan,nan
low_amplitude,28,hybrid,0.31814387817340123,1.0,0.0,nan,nan
low_amplitude,29,threshold,0.2426999980288349,1.0,0.0,nan,nan
low_amplitude,29,consensus,0.10450797378604551,1.0,0.0,nan,nan
low_amplitude,29,hybrid,0.14219060464332314,1.0,0.0,nan,nan
baseline_drift,0,threshold,0.04544283523732825,1.0,0.0,nan,nan
baseline_drift,0,consensus,0.024690128656016257,1.0,0.0,nan,nan
baseline_drift,0,hybrid,0.03360877299587461,1.0,0.0,nan,nan
baseline_drift,1,threshold,0.04613636546360839,1.0,0.0,nan,nan
baseline_drift,1,consensus,0.02567270901395742,1.0,0.0,nan,nan
baseline_drift,1,hybrid,0.03423468858951583,1.0,0.0,nan,nan
baseline_drift,2,threshold,0.05506699517075968,1.0,0.0,nan,nan
baseline_drift,2,consensus,0.02488588788654198,1.0,0.0,nan,nan
baseline_drift,2,hybrid,0.03914133429241105,1.0,0.0,nan,nan
baseline_drift,3,threshold,0.06730299089602344,1.0,0.0,nan,nan
baseline_drift,3,consensus,0.027880061413240894,1.0,0.0,nan,nan
baseline_drift,3,hybrid,0.045757197299398464,1.0,0.0,nan,nan
baseline_drift,4,threshold,0.08236726605312952,1.0,0.0,nan,nan
baseline_drift,4,consensus,0.02377276646800979,1.0,0.0,nan,nan
baseline_drift,4,hybrid,0.05625143687926657,1.0,0.0,nan,nan
baseline_drift,5,threshold,0.07991463860180233,1.0,0.0,nan,nan
baseline_drift,5,consensus,0.026297440527466343,1.0,0.0,nan,nan
baseline_drift,5,hybrid,0.05573410401668408,1.0,0.0,nan,nan
baseline_drift,6,threshold,0.10021497667869113,1.0,0.0,nan,nan
baseline_drift,6,consensus,0.023875588413128382,1.0,0.0,nan,nan
baseline_drift,6,hybrid,0.06821064156205617,1.0,0.0,nan,nan
baseline_drift,7,threshold,0.0650998237869905,1.0,0.0,nan,nan
baseline_drift,7,consensus,0.023194383401773624,1.0,0.0,nan,nan
baseline_drift,7,hybrid,0.046634925432189646,1.0,0.0,nan,nan
baseline_drift,8,threshold,0.09357922022379567,1.0,0.0,nan,nan
baseline_drift,8,consensus,0.02626184195719407,1.0,0.0,nan,nan
baseline_drift,8,hybrid,0.0626747909806462,1.0,0.0,nan,nan
baseline_drift,9,threshold,0.05736452397096178,1.0,0.0,nan,nan
baseline_drift,9,consensus,0.026537328839410866,1.0,0.0,nan,nan
baseline_drift,9,hybrid,0.04338031555286238,1.0,0.0,nan,nan
baseline_drift,10,threshold,0.051480946892201944,1.0,0.0,nan,nan
baseline_drift,10,consensus,0.025948700769735968,1.0,0.0,nan,nan
baseline_drift,10,hybrid,0.037893295338009864,1.0,0.0,nan,nan
baseline_drift,11,threshold,0.047801115648791734,1.0,0.0,nan,nan
baseline_drift,11,consensus,0.026132534903805283,1.0,0.0,nan,nan
baseline_drift,11,hybrid,0.03432203095014994,1.0,0.0,nan,nan
baseline_drift,12,threshold,0.04509844912885659,1.0,0.0,nan,nan
baseline_drift,12,consensus,0.02648790363884796,1.0,0.0,nan,nan
baseline_drift,12,hybrid,0.034852654292231985,1.0,0.0,nan,nan
baseline_drift,13,threshold,0.065163498332408,1.0,0.0,nan,nan
baseline_drift,13,consensus,0.027488873482181368,1.0,0.0,nan,nan
baseline_drift,13,hybrid,0.04720578883421401,1.0,0.0,nan,nan
baseline_drift,14,threshold,0.08028969720471466,1.0,0.0,nan,nan
baseline_drift,14,consensus,0.02561805327470079,1.0,0.0,nan,nan
baseline_drift,14,hybrid,0.05623274904393193,1.0,0.0,nan,nan
baseline_drift,15,threshold,0.04490916167153344,1.0,0.0,nan,nan
baseline_drift,15,consensus,0.026431721618875404,1.0,0.0,nan,nan
baseline_drift,15,hybrid,0.03380969538291107,1.0,0.0,nan,nan
baseline_drift,16,threshold,0.0774602456689424,1.0,0.0,nan,nan
baseline_drift,16,consensus,0.02516582604756794,1.0,0.0,nan,nan
baseline_drift,16,hybrid,0.05411526613688404,1.0,0.0,nan,nan
baseline_drift,17,threshold,0.05503457184609166,1.0,0.0,nan,nan
baseline_drift,17,consensus,0.025595474060935583,1.0,0.0,nan,nan
baseline_drift,17,hybrid,0.038710904308722385,1.0,0.0,nan,nan
baseline_drift,18,threshold,0.07755459270881175,1.0,0.0,nan,nan
baseline_drift,18,consensus,0.02632874461678309,1.0,0.0,nan,nan
baseline_drift,18,hybrid,0.05594413399001234,1.0,0.0,nan,nan
baseline_drift,19,threshold,0.03396404428376985,1.0,0.0,nan,nan
baseline_drift,19,consensus,0.0281252630641537,1.0,0.0,nan,nan
baseline_drift,19,hybrid,0.02737017104006732,1.0,0.0,nan,nan
baseline_drift,20,threshold,0.0699596559999434,1.0,0.0,nan,nan
baseline_drift,20,consensus,0.029537862941139987,1.0,0.0,nan,nan
baseline_drift,20,hybrid,0.05088302386171769,1.0,0.0,nan,nan
baseline_drift,21,threshold,0.07525765728622602,1.0,0.0,nan,nan
baseline_drift,21,consensus,0.02750619928128934,1.0,0.0,nan,nan
baseline_drift,21,hybrid,0.04976835781657877,1.0,0.0,nan,nan
baseline_drift,22,threshold,0.0524875973548986,1.0,0.0,nan,nan
baseline_drift,22,consensus,0.022758892539891017,1.0,0.0,nan,nan
baseline_drift,22,hybrid,0.03906093456037801,1.0,0.0,nan,nan
baseline_drift,23,threshold,0.09050945441912915,1.0,0.0,nan,nan
baseline_drift,23,consensus,0.028069464558632216,1.0,0.0,nan,nan
baseline_drift,23,hybrid,0.0599514518556253,1.0,0.0,nan,nan
baseline_drift,24,threshold,0.07743016655211268,1.0,0.0,nan,nan
baseline_drift,24,consensus,0.025473965657855993,1.0,0.0,nan,nan
baseline_drift,24,hybrid,0.05505749455578332,1.0,0.0,nan,nan
baseline_drift,25,threshold,0.07648309559676891,1.0,0.0,nan,nan
baseline_drift,25,consensus,0.027236736585823314,1.0,0.0,nan,nan
baseline_drift,25,hybrid,0.053314078590722985,1.0,0.0,nan,nan
baseline_drift,26,threshold,0.055035165223705086,1.0,0.0,nan,nan
baseline_drift,26,consensus,0.025522310343484414,1.0,0.0,nan,nan
baseline_drift,26,hybrid,0.03887930906345389,1.0,0.0,nan,nan
baseline_drift,27,threshold,0.07777338055665828,1.0,0.0,nan,nan
baseline_drift,27,consensus,0.02487024539585016,1.0,0.0,nan,nan
baseline_drift,27,hybrid,0.05112541312217412,1.0,0.0,nan,nan
baseline_drift,28,threshold,0.04006523710645349,1.0,0.0,nan,nan
baseline_drift,28,consensus,0.02653773561614558,1.0,0.0,nan,nan
baseline_drift,28,hybrid,0.030603870205761746,1.0,0.0,nan,nan
baseline_drift,29,threshold,0.04726920756453112,1.0,0.0,nan,nan
baseline_drift,29,consensus,0.02792001157957208,1.0,0.0,nan,nan
baseline_drift,29,hybrid,0.03643606764913585,1.0,0.0,nan,nan
amplitude_change,0,threshold,0.09685709764103334,1.0,0.0,nan,nan
amplitude_change,0,consensus,0.039162639976824634,1.0,0.0,nan,nan
amplitude_change,0,hybrid,0.06910458869096425,1.0,0.0,nan,nan
amplitude_change,1,threshold,0.12030069613550258,1.0,0.0,nan,nan
amplitude_change,1,consensus,0.04180736729394905,0.9933333333333333,0.0,nan,nan
amplitude_change,1,hybrid,0.07703214091213581,1.0,0.0,nan,nan
amplitude_change,2,threshold,0.12701397534299594,1.0,0.0,nan,nan
amplitude_change,2,consensus,0.03963689165402518,0.9933333333333333,0.0,nan,nan
amplitude_change,2,hybrid,0.08392935050157452,1.0,0.0,nan,nan
amplitude_change,3,threshold,0.13897390486584515,1.0,0.0,nan,nan
amplitude_change,3,consensus,0.05170541835670312,1.0,0.0,nan,nan
amplitude_change,3,hybrid,0.09186786648591737,1.0,0.0,nan,nan
amplitude_change,4,threshold,0.11903213856825073,1.0,0.0,nan,nan
amplitude_change,4,consensus,0.02952049632806074,0.9933333333333333,0.0,nan,nan
amplitude_change,4,hybrid,0.07778497957999299,1.0,0.0,nan,nan
amplitude_change,5,threshold,0.11311579419636227,1.0,0.0,nan,nan
amplitude_change,5,consensus,0.046785961585773125,0.9933333333333333,0.0,nan,nan
amplitude_change,5,hybrid,0.08367683148377963,1.0,0.0,nan,nan
amplitude_change,6,threshold,0.09690252675753641,1.0,0.0,nan,nan
amplitude_change,6,consensus,0.035153917460043295,0.9866666666666667,0.0,nan,nan
amplitude_change,6,hybrid,0.06661535202664925,1.0,0.0,nan,nan
amplitude_change,7,threshold,0.16974663553512961,1.0,0.0,nan,nan
amplitude_change,7,consensus,0.03776043543116219,1.0,0.0,nan,nan
amplitude_change,7,hybrid,0.11050611828775696,1.0,0.0,nan,nan
amplitude_change,8,threshold,0.08507524505158315,1.0,0.0,nan,nan
amplitude_change,8,consensus,0.039559214683336126,1.0,0.0,nan,nan
amplitude_change,8,hybrid,0.06289752869787794,1.0,0.0,nan,nan
amplitude_change,9,threshold,0.08559167927428733,1.0,0.0,nan,nan
amplitude_change,9,consensus,0.030863251583059234,0.9933333333333333,0.0,nan,nan
amplitude_change,9,hybrid,0.06202578316027032,1.0,0.0,nan,nan
amplitude_change,10,threshold,0.12173425521504103,1.0,0.0,nan,nan
amplitude_change,10,consensus,0.053677312330311165,1.0,0.0,nan,nan
amplitude_change,10,hybrid,0.08731980783721961,1.0,0.0,nan,nan
amplitude_change,11,threshold,0.17106428161975323,1.0,0.0,nan,nan
amplitude_change,11,consensus,0.040923220142968404,0.9933333333333333,0.0,nan,nan
amplitude_change,11,hybrid,0.09641391323737004,1.0,0.0,nan,nan
amplitude_change,12,threshold,0.1263403704008622,1.0,0.0,nan,nan
amplitude_change,12,consensus,0.041047025437717585,0.9933333333333333,0.0,nan,nan
amplitude_change,12,hybrid,0.08569898908304734,1.0,0.0,nan,nan
amplitude_change,13,threshold,0.12195602553544865,1.0,0.0,nan,nan
amplitude_change,13,consensus,0.03986471958147011,1.0,0.0,nan,nan
amplitude_change,13,hybrid,0.08132559698312103,1.0,0.0,nan,nan
amplitude_change,14,threshold,0.1501361082877597,1.0,0.0,nan,nan
amplitude_change,14,consensus,0.039790868994788696,0.9933333333333333,0.0,nan,nan
amplitude_change,14,hybrid,0.08456566490355868,1.0,0.0,nan,nan
amplitude_change,15,threshold,0.11642034628088545,1.0,0.0,nan,nan
amplitude_change,15,consensus,0.0414160541226886,1.0,0.0,nan,nan
amplitude_change,15,hybrid,0.0769526651889375,1.0,0.0,nan,nan
amplitude_change,16,threshold,0.12903079258014816,1.0,0.0,nan,nan
amplitude_change,16,consensus,0.036442425120520476,0.98,0.0,nan,nan
amplitude_change,16,hybrid,0.08587623519400779,1.0,0.0,nan,nan
amplitude_change,17,threshold,0.1245663913092213,1.0,0.0,nan,nan
amplitude_change,17,consensus,0.033758938549525074,1.0,0.0,nan,nan
amplitude_change,17,hybrid,0.08166843999530023,1.0,0.0,nan,nan
amplitude_change,18,threshold,0.17622357012749126,1.0,0.0,nan,nan
amplitude_change,18,consensus,0.04757843269275534,1.0,0.0,nan,nan
amplitude_change,18,hybrid,0.11236938612460833,1.0,0.0,nan,nan
amplitude_change,19,threshold,0.1340625921520115,1.0,0.0,nan,nan
amplitude_change,19,consensus,0.03625439565190264,0.9866666666666667,0.0,nan,nan
amplitude_change,19,hybrid,0.08435810625567752,1.0,0.0,nan,nan
amplitude_change,20,threshold,0.1107268381894163,1.0,0.0,nan,nan
amplitude_change,20,consensus,0.046402374736063026,1.0,0.0,nan,nan
amplitude_change,20,hybrid,0.07692066028749558,1.0,0.0,nan,nan
amplitude_change,21,threshold,0.11685790732529262,1.0,0.0,nan,nan
amplitude_change,21,consensus,0.035668286833708485,0.9933333333333333,0.0,nan,nan
amplitude_change,21,hybrid,0.07674137480033816,1.0,0.0,nan,nan
amplitude_change,22,threshold,0.13202058150528967,1.0,0.0,nan,nan
amplitude_change,22,consensus,0.035077916247521525,1.0,0.0,nan,nan
amplitude_change,22,hybrid,0.08083240499945928,1.0,0.0,nan,nan
amplitude_change,23,threshold,0.1226760489731294,1.0,0.0,nan,nan
amplitude_change,23,consensus,0.04159200298956808,1.0,0.0,nan,nan
amplitude_change,23,hybrid,0.07965379705798063,1.0,0.0,nan,nan
amplitude_change,24,threshold,0.09417031679202632,1.0,0.0,nan,nan
amplitude_change,24,consensus,0.034292395254631035,1.0,0.0,nan,nan
amplitude_change,24,hybrid,0.06854288842631608,1.0,0.0,nan,nan
amplitude_change,25,threshold,0.07839169101391953,1.0,0.0,nan,nan
amplitude_change,25,consensus,0.03360505901640252,1.0,0.0,nan,nan
amplitude_change,25,hybrid,0.05858141037261394,1.0,0.0,nan,nan
amplitude_change,26,threshold,0.14906577731816428,1.0,0.0,nan,nan
amplitude_change,26,consensus,0.036299790288405805,0.9933333333333333,0.0,nan,nan
amplitude_change,26,hybrid,0.09372628124510994,1.0,0.0,nan,nan
amplitude_change,27,threshold,0.14384855963170706,1.0,0.0,nan,nan
amplitude_change,27,consensus,0.03871206380399469,0.9866666666666667,0.0,nan,nan
amplitude_change,27,hybrid,0.09853623565305719,1.0,0.0,nan,nan
amplitude_change,28,threshold,0.08924451620649897,1.0,0.0,nan,nan
amplitude_change,28,consensus,0.03969157354402371,0.9933333333333333,0.0,nan,nan
amplitude_change,28,hybrid,0.06864238887865583,1.0,0.0,nan,nan
amplitude_change,29,threshold,0.23254613413038483,1.0,0.0,nan,nan
amplitude_change,29,consensus,0.04158055408705923,0.9933333333333333,0.0,nan,nan
amplitude_change,29,hybrid,0.14649555742030843,1.0,0.0,nan,nan
motion,0,threshold,0.11753652612534135,1.0,0.0,nan,nan
motion,0,consensus,0.1424046989714309,0.9133333333333333,0.0,nan,nan
motion,0,hybrid,0.08178240899314033,1.0,0.0,nan,nan
motion,1,threshold,0.10941711354412954,1.0,0.0,nan,nan
motion,1,consensus,0.22051889208377076,0.7466666666666667,0.0,nan,nan
motion,1,hybrid,0.11353917446891207,0.9933333333333333,0.0,nan,nan
motion,2,threshold,0.10396955303546486,1.0,0.0,nan,nan
motion,2,consensus,0.15494192779064656,0.84,0.0,nan,nan
motion,2,hybrid,0.09685746322677807,1.0,0.0,nan,nan
motion,3,threshold,0.11219511034286124,1.0,0.0,nan,nan
motion,3,consensus,0.1458340516655074,0.7933333333333333,0.0,nan,nan
motion,3,hybrid,0.09238176782143147,1.0,0.0,nan,nan
motion,4,threshold,0.14952971696894762,1.0,0.0,nan,nan
motion,4,consensus,0.13583648153627292,0.9266666666666666,0.0,nan,nan
motion,4,hybrid,0.12620372925607107,1.0,0.0,nan,nan
motion,5,threshold,0.1816547359522185,1.0,0.0,nan,nan
motion,5,consensus,0.11715706881307976,0.7666666666666667,0.0,nan,nan
motion,5,hybrid,0.12873654282099273,1.0,0.0,nan,nan
motion,6,threshold,0.16485363609474774,1.0,0.0,nan,nan
motion,6,consensus,0.11158778194012665,0.8333333333333334,0.0,nan,nan
motion,6,hybrid,0.13337501635021373,1.0,0.0,nan,nan
motion,7,threshold,0.09426635783818982,1.0,0.0,nan,nan
motion,7,consensus,0.15114735330399412,0.8533333333333334,0.0,nan,nan
motion,7,hybrid,0.08950572295637824,1.0,0.0,nan,nan
motion,8,threshold,0.1478711616619799,1.0,0.0,nan,nan
motion,8,consensus,0.11326594243192163,0.8733333333333333,0.0,nan,nan
motion,8,hybrid,0.09561136500294869,1.0,0.0,nan,nan
motion,9,threshold,0.13675756667535058,1.0,0.0,nan,nan
motion,9,consensus,0.0694697835306211,0.8666666666666667,0.0,nan,nan
motion,9,hybrid,0.10961308755997083,1.0,0.0,nan,nan
motion,10,threshold,0.11354218090585774,1.0,0.0,nan,nan
motion,10,consensus,0.1703094599584384,0.8866666666666667,0.0,nan,nan
motion,10,hybrid,0.09841028004938833,1.0,0.0,nan,nan
motion,11,threshold,0.08547742915193472,1.0,0.0,nan,nan
motion,11,consensus,0.19361090690450625,0.92,0.0,nan,nan
motion,11,hybrid,0.09178705753379716,1.0,0.0,nan,nan
motion,12,threshold,0.08816956054264433,1.0,0.0,nan,nan
motion,12,consensus,0.1756493075101474,0.8533333333333334,0.0,nan,nan
motion,12,hybrid,0.08849109277063955,1.0,0.0,nan,nan
motion,13,threshold,0.10111350520380552,1.0,0.0,nan,nan
motion,13,consensus,0.12218550974368857,0.7333333333333333,0.0,nan,nan
motion,13,hybrid,0.08812339674741096,1.0,0.0,nan,nan
motion,14,threshold,0.0893906179773478,1.0,0.0,nan,nan
motion,14,consensus,0.1861717169490356,0.6,0.0,nan,nan
motion,14,hybrid,0.09580177903891927,1.0,0.0,nan,nan
motion,15,threshold,0.09183600054529957,1.0,0.0,nan,nan
motion,15,consensus,0.16241025125291947,0.9533333333333334,0.0,nan,nan
motion,15,hybrid,0.10323418559442338,1.0,0.0,nan,nan
motion,16,threshold,0.11527855316948338,1.0,0.0,nan,nan
motion,16,consensus,0.14197093336768776,0.7333333333333333,0.0,nan,nan
motion,16,hybrid,0.0873746215663144,1.0,0.0,nan,nan
motion,17,threshold,0.10723371853869558,1.0,0.0,nan,nan
motion,17,consensus,0.11467599994820833,0.8066666666666666,0.0,nan,nan
motion,17,hybrid,0.09179434010819666,1.0,0.0,nan,nan
motion,18,threshold,0.16348001437445922,1.0,0.0,nan,nan
motion,18,consensus,0.10249770772310018,0.9,0.0,nan,nan
motion,18,hybrid,0.12782750799694384,1.0,0.0,nan,nan
motion,19,threshold,0.08246967101827826,1.0,0.0,nan,nan
motion,19,consensus,0.11395916640638824,0.8,0.0,nan,nan
motion,19,hybrid,0.0805646235291028,1.0,0.0,nan,nan
motion,20,threshold,0.1346933111280055,1.0,0.0,nan,nan
motion,20,consensus,0.11207820965758755,0.8933333333333333,0.0,nan,nan
motion,20,hybrid,0.11390132614746856,1.0,0.0,nan,nan
motion,21,threshold,0.08679642502274122,1.0,0.0,nan,nan
motion,21,consensus,0.11954419048208309,0.9733333333333334,0.0,nan,nan
motion,21,hybrid,0.08177532476889397,1.0,0.0,nan,nan
motion,22,threshold,0.12091422978550945,1.0,0.0,nan,nan
motion,22,consensus,0.13768537386303087,0.86,0.0,nan,nan
motion,22,hybrid,0.10395338026271186,1.0,0.0,nan,nan
motion,23,threshold,0.14844823488014322,1.0,0.0,nan,nan
motion,23,consensus,0.1599326809805694,0.7533333333333333,0.0,nan,nan
motion,23,hybrid,0.12730959285833696,1.0,0.0,nan,nan
motion,24,threshold,0.11712500461818039,1.0,0.0,nan,nan
motion,24,consensus,0.15763667614607002,0.7533333333333333,0.0,nan,nan
motion,24,hybrid,0.10281769319924047,1.0,0.0,nan,nan
motion,25,threshold,0.1397032732600848,1.0,0.0,nan,nan
motion,25,consensus,0.1405285062194789,0.7933333333333333,0.0,nan,nan
motion,25,hybrid,0.10760904239044827,1.0,0.0,nan,nan
motion,26,threshold,0.08982419851396505,1.0,0.0,nan,nan
motion,26,consensus,0.14667246217278546,0.7933333333333333,0.0,nan,nan
motion,26,hybrid,0.07942522651239337,1.0,0.0,nan,nan
motion,27,threshold,0.14074718711447595,1.0,0.0,nan,nan
motion,27,consensus,0.15828533152071858,0.84,0.0,nan,nan
motion,27,hybrid,0.11777065235148163,0.9933333333333333,0.0,nan,nan
motion,28,threshold,0.1129739239835191,1.0,0.0,nan,nan
motion,28,consensus,0.15088659790054326,0.8866666666666667,0.0,nan,nan
motion,28,hybrid,0.102368599809458,1.0,0.0,nan,nan
motion,29,threshold,0.08217163458334421,1.0,0.0,nan,nan
motion,29,consensus,0.14922188723284782,0.8333333333333334,0.0,nan,nan
motion,29,hybrid,0.08241087487288848,1.0,0.0,nan,nan
rate_step,0,threshold,0.08429234713938939,1.0,0.0,nan,10.0
rate_step,0,consensus,0.02122030966021319,1.0,0.0,nan,16.0
rate_step,0,hybrid,0.058913533776533585,1.0,0.0,nan,12.0
rate_step,1,threshold,0.07992852765394616,1.0,0.0,nan,10.0
rate_step,1,consensus,0.01611064334956373,1.0,0.0,nan,16.0
rate_step,1,hybrid,0.055539879322707764,1.0,0.0,nan,12.0
rate_step,2,threshold,0.06488556881261363,1.0,0.0,nan,10.0
rate_step,2,consensus,0.01753214486727701,1.0,0.0,nan,16.0
rate_step,2,hybrid,0.045636760270381896,1.0,0.0,nan,12.0
rate_step,3,threshold,0.06109379127740024,1.0,0.0,nan,10.0
rate_step,3,consensus,0.016551662067767366,1.0,0.0,nan,16.0
rate_step,3,hybrid,0.04143038161911466,1.0,0.0,nan,12.0
rate_step,4,threshold,0.08360150281825704,1.0,0.0,nan,10.0
rate_step,4,consensus,0.02075076457830478,1.0,0.0,nan,16.0
rate_step,4,hybrid,0.05794707145094881,1.0,0.0,nan,12.0
rate_step,5,threshold,0.06703005169009131,1.0,0.0,nan,10.0
rate_step,5,consensus,0.015485470123126276,1.0,0.0,nan,16.0
rate_step,5,hybrid,0.044506432923624585,1.0,0.0,nan,12.0
rate_step,6,threshold,0.13683544838848036,1.0,0.0,nan,10.0
rate_step,6,consensus,0.020544969679618674,1.0,0.0,nan,16.0
rate_step,6,hybrid,0.09221952678950812,1.0,0.0,nan,12.0
rate_step,7,threshold,0.08253313805383666,1.0,0.0,nan,10.0
rate_step,7,consensus,0.016927276819576165,1.0,0.0,nan,16.0
rate_step,7,hybrid,0.055003722614065366,1.0,0.0,nan,12.0
rate_step,8,threshold,0.0493901489513313,1.0,0.0,nan,10.0
rate_step,8,consensus,0.022631033947226684,1.0,0.0,nan,16.0
rate_step,8,hybrid,0.036646381324954146,1.0,0.0,nan,12.0
rate_step,9,threshold,0.1073040168189467,1.0,0.0,nan,10.0
rate_step,9,consensus,0.017352731926698867,1.0,0.0,nan,16.0
rate_step,9,hybrid,0.07227959891261967,1.0,0.0,nan,12.0
rate_step,10,threshold,0.10240129977888347,1.0,0.0,nan,10.0
rate_step,10,consensus,0.020586442034041467,1.0,0.0,nan,16.0
rate_step,10,hybrid,0.06825249933003921,1.0,0.0,nan,12.0
rate_step,11,threshold,0.1287909166535664,1.0,0.0,nan,10.0
rate_step,11,consensus,0.01926297090378064,1.0,0.0,nan,16.0
rate_step,11,hybrid,0.08493913559873924,1.0,0.0,nan,12.0
rate_step,12,threshold,0.06289496739675951,1.0,0.0,nan,10.0
rate_step,12,consensus,0.018639893346170895,1.0,0.0,nan,16.0
rate_step,12,hybrid,0.04240064706065714,1.0,0.0,nan,12.0
rate_step,13,threshold,0.06289511647517756,1.0,0.0,nan,10.0
rate_step,13,consensus,0.021252109797694915,1.0,0.0,nan,16.0
rate_step,13,hybrid,0.04305485496597858,1.0,0.0,nan,12.0
rate_step,14,threshold,0.07798699482538314,1.0,0.0,nan,10.0
rate_step,14,consensus,0.023093244343889395,1.0,0.0,nan,16.0
rate_step,14,hybrid,0.0558814793775006,1.0,0.0,nan,12.0
rate_step,15,threshold,0.05691793200290334,1.0,0.0,nan,10.0
rate_step,15,consensus,0.018547873902643744,1.0,0.0,nan,16.0
rate_step,15,hybrid,0.041873486330906685,1.0,0.0,nan,12.0
rate_step,16,threshold,0.053229394831415165,1.0,0.0,nan,10.0
rate_step,16,consensus,0.01827948227970876,1.0,0.0,nan,16.0
rate_step,16,hybrid,0.03834498626334953,1.0,0.0,nan,12.0
rate_step,17,threshold,0.0917161714236135,1.0,0.0,nan,10.0
rate_step,17,consensus,0.02098781132411922,1.0,0.0,nan,16.0
rate_step,17,hybrid,0.060290097474153384,1.0,0.0,nan,12.0
rate_step,18,threshold,0.09526720371118594,1.0,0.0,nan,10.0
rate_step,18,consensus,0.017970730952736248,1.0,0.0,nan,16.0
rate_step,18,hybrid,0.06484267956056,1.0,0.0,nan,12.0
rate_step,19,threshold,0.029736300260274476,1.0,0.0,nan,10.0
rate_step,19,consensus,0.01982480376571935,1.0,0.0,nan,16.0
rate_step,19,hybrid,0.02301566579641178,1.0,0.0,nan,12.0
rate_step,20,threshold,0.08263818352917422,1.0,0.0,nan,10.0
rate_step,20,consensus,0.021887472272358863,1.0,0.0,nan,16.0
rate_step,20,hybrid,0.05652116560069543,1.0,0.0,nan,12.0
rate_step,21,threshold,0.11292584735924106,1.0,0.0,nan,10.0
rate_step,21,consensus,0.014900797933073364,1.0,0.0,nan,16.0
rate_step,21,hybrid,0.07596144412703912,1.0,0.0,nan,12.0
rate_step,22,threshold,0.13642454269309895,1.0,0.0,nan,10.0
rate_step,22,consensus,0.018682820728882946,1.0,0.0,nan,16.0
rate_step,22,hybrid,0.0913830760534583,1.0,0.0,nan,12.0
rate_step,23,threshold,0.10719824907662297,1.0,0.0,nan,10.0
rate_step,23,consensus,0.01865572655168316,1.0,0.0,nan,16.0
rate_step,23,hybrid,0.07055517667717053,1.0,0.0,nan,12.0
rate_step,24,threshold,0.11057761313482646,1.0,0.0,nan,10.0
rate_step,24,consensus,0.020401591837555997,1.0,0.0,nan,16.0
rate_step,24,hybrid,0.07327181719986772,1.0,0.0,nan,12.0
rate_step,25,threshold,0.079113334098863,1.0,0.0,nan,10.0
rate_step,25,consensus,0.021611019275508965,1.0,0.0,nan,16.0
rate_step,25,hybrid,0.055646935521940034,1.0,0.0,nan,12.0
rate_step,26,threshold,0.08608731645611843,1.0,0.0,nan,10.0
rate_step,26,consensus,0.016463119276111243,1.0,0.0,nan,16.0
rate_step,26,hybrid,0.05842310305441313,1.0,0.0,nan,12.0
rate_step,27,threshold,0.0975467408041935,1.0,0.0,nan,10.0
rate_step,27,consensus,0.02041485137137414,1.0,0.0,nan,16.0
rate_step,27,hybrid,0.06608039582966659,1.0,0.0,nan,12.0
rate_step,28,threshold,0.07546673835529058,1.0,0.0,nan,10.0
rate_step,28,consensus,0.019437753828158363,1.0,0.0,nan,16.0
rate_step,28,hybrid,0.051675493007059134,1.0,0.0,nan,12.0
rate_step,29,threshold,0.037440425255741414,1.0,0.0,nan,10.0
rate_step,29,consensus,0.023299342489232287,1.0,0.0,nan,16.0
rate_step,29,hybrid,0.027612133474340026,1.0,0.0,nan,12.0
apnea,0,threshold,0.07104790320955898,0.5,0.0,1.0,nan
apnea,0,consensus,0.02876588422546299,0.5,0.0,0.08,nan
apnea,0,hybrid,0.04860492901823371,0.5,0.0,0.0,nan
apnea,1,threshold,0.03951977290779374,0.5,0.0,1.0,nan
apnea,1,consensus,0.38931015170111355,0.6111111111111112,0.03636363636363636,0.28,nan
apnea,1,hybrid,0.21732692809015802,0.5111111111111111,0.021739130434782608,0.0,nan
apnea,2,threshold,0.06436642249239108,0.5,0.0,1.0,nan
apnea,2,consensus,0.025061839137412455,0.5,0.0,0.08,nan
apnea,2,hybrid,0.048404428062906506,0.5,0.0,0.48,nan
apnea,3,threshold,3.0753245524827806,1.0,0.5,1.0,nan
apnea,3,consensus,0.30746150503508474,0.5777777777777777,0.0,0.08,nan
apnea,3,hybrid,0.8699351861072707,0.5777777777777777,0.1346153846153846,0.0,nan
apnea,4,threshold,2.058469262765556,1.0,0.022222222222222223,1.0,nan
apnea,4,consensus,0.39652449717244403,0.6111111111111112,0.03636363636363636,0.12,nan
apnea,4,hybrid,1.1298962177794203,0.6555555555555556,0.03389830508474576,0.0,nan
apnea,5,threshold,1.5581015366558795,1.0,0.0,1.0,nan
apnea,5,consensus,0.19319510724230093,0.5333333333333333,0.0,0.08,nan
apnea,5,hybrid,0.8316491141498943,0.6777777777777778,0.0,0.12,nan
apnea,6,threshold,12.519759886453897,1.0,0.5,1.0,nan
apnea,6,consensus,0.6850584101133016,0.5666666666666667,0.11764705882352941,0.2,nan
apnea,6,hybrid,3.3942550281333794,0.5777777777777777,0.1346153846153846,0.0,nan
apnea,7,threshold,0.07943364744436063,0.5,0.0,1.0,nan
apnea,7,consensus,0.17184628279361586,0.5222222222222223,0.02127659574468085,0.08,nan
apnea,7,hybrid,0.05176511810351075,0.5,0.0,0.0,nan
apnea,8,threshold,0.056187090641559106,0.5,0.0,1.0,nan
apnea,8,consensus,0.03245474352425279,0.5,0.0,0.08,nan
apnea,8,hybrid,0.04472364607949244,0.5,0.0,0.0,nan
apnea,9,threshold,1.745690169013503,1.0,0.0,1.0,nan
apnea,9,consensus,0.028548045943227587,0.5,0.0,0.08,nan
apnea,9,hybrid,0.6387035831340045,0.6,0.0,0.08,nan
apnea,10,threshold,0.06255601031356359,0.5,0.0,1.0,nan
apnea,10,consensus,0.18562414216392553,0.5111111111111111,0.021739130434782608,0.24,nan
apnea,10,hybrid,0.042805552231865225,0.5,0.0,0.04,nan
apnea,11,threshold,1.6097126504494752,1.0,0.0,1.0,nan
apnea,11,consensus,0.02783017992835267,0.5,0.0,0.12,nan
apnea,11,hybrid,0.4553404234881043,0.5777777777777777,0.0,0.0,nan
apnea,12,threshold,0.07244158360738268,0.5,0.0,1.0,nan
apnea,12,consensus,0.5896795206778414,0.5666666666666667,0.0784313725490196,0.08,nan
apnea,12,hybrid,0.05230659588402264,0.5,0.0,0.08,nan
apnea,13,threshold,0.05862554296111339,0.5,0.0,1.0,nan
apnea,13,consensus,0.17231747804831915,0.5222222222222223,0.0,0.12,nan
apnea,13,hybrid,0.04461532912996782,0.5,0.0,0.0,nan
apnea,14,threshold,0.6915214560760112,1.0,0.011111111111111112,1.0,nan
apnea,14,consensus,0.9308677097112874,0.5555555555555556,0.1,0.08,nan
apnea,14,hybrid,0.12493370942788863,0.5444444444444444,0.0,0.16,nan
apnea,15,threshold,3.066189858262269,1.0,0.5,1.0,nan
apnea,15,consensus,0.3311988976072054,0.5444444444444444,0.0,0.08,nan
apnea,15,hybrid,0.42854447917615923,0.5333333333333333,0.0625,0.0,nan
apnea,16,threshold,0.08813585973740364,0.5,0.0,1.0,nan
apnea,16,consensus,0.7654776197552694,0.5444444444444444,0.08163265306122448,0.08,nan
apnea,16,hybrid,0.17618277369170074,0.5111111111111111,0.021739130434782608,0.08,nan
apnea,17,threshold,0.17028702401417073,0.5,0.0,1.0,nan
apnea,17,consensus,0.5551412964165691,0.5444444444444444,0.04081632653061224,0.08,nan
apnea,17,hybrid,0.11206755218736215,0.5,0.0,0.0,nan
apnea,18,threshold,2.1442924278852815,1.0,0.0,1.0,nan
apnea,18,consensus,0.40582142147843053,0.5222222222222223,0.0425531914893617,0.08,nan
apnea,18,hybrid,0.5371443211014876,0.5666666666666667,0.0,0.0,nan
apnea,19,threshold,0.10480317747116033,0.5,0.0,1.0,nan
apnea,19,consensus,0.029256080684417422,0.5,0.0,0.08,nan
apnea,19,hybrid,0.07254248275691061,0.5,0.0,0.28,nan
apnea,20,threshold,2.548052436095596,1.0,0.0,1.0,nan
apnea,20,consensus,0.0304309985884657,0.5,0.0,0.08,nan
apnea,20,hybrid,0.732230361020792,0.5777777777777777,0.0,0.0,nan
apnea,21,threshold,7.522944346289899,1.0,0.5,1.0,nan
apnea,21,consensus,0.619229203278443,0.5888888888888889,0.0,0.24,nan
apnea,21,hybrid,2.3590093475767318,0.6111111111111112,0.14545454545454545,0.36,nan
apnea,22,threshold,0.08082732784218152,0.5,0.0,1.0,nan
apnea,22,consensus,0.02273075047417221,0.5,0.0,0.08,nan
apnea,22,hybrid,0.058844070369718914,0.5,0.0,0.0,nan
apnea,23,threshold,1.1352892892703363,1.0,0.0,1.0,nan
apnea,23,consensus,0.12414128481041588,0.5444444444444444,0.0,0.12,nan
apnea,23,hybrid,0.4524060768551559,0.6111111111111112,0.0,0.08,nan
apnea,24,threshold,0.0914412049995029,0.5,0.0,1.0,nan
apnea,24,consensus,0.14682854768177594,0.5111111111111111,0.021739130434782608,0.24,nan
apnea,24,hybrid,0.06346518723534089,0.5,0.0,0.2,nan
apnea,25,threshold,7.514662772790826,1.0,0.5,1.0,nan
apnea,25,consensus,0.025632699279235834,0.5,0.0,0.12,nan
apnea,25,hybrid,1.7881952862270378,0.5666666666666667,0.11764705882352941,0.04,nan
apnea,26,threshold,0.13741633413864254,0.5,0.0,1.0,nan
apnea,26,consensus,0.31217249543483716,0.5222222222222223,0.0425531914893617,0.08,nan
apnea,26,hybrid,0.09195685039059434,0.5,0.0,0.48,nan
apnea,27,threshold,3.5543323965441793,0.9555555555555556,0.47674418604651164,1.0,nan
apnea,27,consensus,0.36249787904687675,0.5222222222222223,0.0425531914893617,0.16,nan
apnea,27,hybrid,0.19576873772222736,0.5111111111111111,0.021739130434782608,0.04,nan
apnea,28,threshold,1.083850931676984,1.0,0.0,1.0,nan
apnea,28,consensus,0.03288142344319714,0.5,0.0,0.08,nan
apnea,28,hybrid,0.2377128997539906,0.5555555555555556,0.0,0.08,nan
apnea,29,threshold,1.4946291322366834,1.0,0.0,1.0,nan
apnea,29,consensus,0.3424557358515384,0.5333333333333333,0.020833333333333332,0.12,nan
apnea,29,hybrid,0.4409274035073436,0.5777777777777777,0.0,0.12,nan
